,name,category_code,total_money_raised,offices,description,address1,address2,zip_code,city,state_code,country_code,latitude,longitude
0,Google,search,$555M,"[{'description': 'Google Headquarters', 'address1': '1600 Amphitheatre Parkway', 'address2': '', 'zip_code': '', 'city': 'Mountain View', 'state_code': 'CA', 'country_code': 'USA', 'latitude': 37.421972, 'longitude': -122.084143}, {'description': 'Google Ann Arbor', 'address1': '112 S. Main St.', 'address2': '2nd Floor', 'zip_code': '48104', 'city': 'Ann Arbor', 'state_code': 'MI', 'country_code': 'USA', 'latitude': 42.280988, 'longitude': -83.748882}, {'description': 'Google Atlanta', 'address1': '10 10th Street NE', 'address2': 'Suite 600', 'zip_code': '30309', 'city': 'Atlanta', 'state_code': 'GA', 'country_code': 'USA', 'latitude': 33.781466, 'longitude': -84.387519}, {'description': 'Google Austin', 'address1': 'Plaza 7000', 'address2': '7000 North MoPac Expressway, 2nd Floor', 'zip_code': '78731', 'city': 'Austin', 'state_code': 'TX', 'country_code': 'USA', 'latitude': 30.351416, 'longitude': -97.751382}, {'description': 'Google Boulder', 'address1': '2590 Pearl Street', 'address2': 'Suite 100', 'zip_code': '80302', 'city': 'Boulder', 'state_code': 'CO', 'country_code': 'USA', 'latitude': 40.021416, 'longitude': -105.260931}, {'description': 'Google Cambridge', 'address1': '5 Cambridge Center', 'address2': 'Floors 3-6', 'zip_code': '02142', 'city': 'Cambridge', 'state_code': 'MA', 'country_code': 'USA', 'latitude': 42.36305, 'longitude': -71.087478}, {'description': 'Google Chicago', 'address1': '20 West Kinzie St.', 'address2': '', 'zip_code': '60610', 'city': 'Chicago', 'state_code': 'IL', 'country_code': 'USA', 'latitude': 41.889474, 'longitude': -87.628912}, {'description': 'Google Coppell', 'address1': '701 Canyon Drive', 'address2': 'Suite 120', 'zip_code': '75019', 'city': 'Coppell', 'state_code': 'TX', 'country_code': 'USA', 'latitude': 32.981465, 'longitude': -97.018196}, {'description': 'Google Dallas', 'address1': '3102 Oak Lawn', 'address2': 'Suite 200', 'zip_code': '75219', 'city': 'Dallas', 'state_code': 'TX', 'country_code': 'USA', 'latitude': 32.809161, 'longitude': -96.807693}, {'description': 'Google Denver', 'address1': '4600 S. Syracuse St.', 'address2': '8th Floor', 'zip_code': '80237', 'city': 'Denver', 'state_code': 'CO', 'country_code': 'USA', 'latitude': 39.62919, 'longitude': -104.898419}, {'description': 'Google Detroit', 'address1': '114 Willits Street', 'address2': '', 'zip_code': '48009', 'city': 'Birmingham', 'state_code': 'MI', 'country_code': 'USA', 'latitude': 42.547807, 'longitude': -83.215498}, {'description': 'Google Irvine', 'address1': '19540 Jamboree Road', 'address2': '2nd Floor', 'zip_code': '92612', 'city': 'Irvine', 'state_code': 'CA', 'country_code': 'USA', 'latitude': 33.658331, 'longitude': -117.861817}, {'description': 'Google Kirkland', 'address1': 'Central Way Plaza', 'address2': '720 4th Avenue, Ste 400', 'zip_code': '98033', 'city': 'Kirkland', 'state_code': 'WA', 'country_code': 'USA', 'latitude': None, 'longitude': None}, {'description': 'Google New York', 'address1': '76 Ninth Avenue', 'address2': '4th Floor', 'zip_code': '10011', 'city': 'New York', 'state_code': 'NY', 'country_code': 'USA', 'latitude': 40.74222, 'longitude': -74.004489}, {'description': 'Google Phoenix', 'address1': '1551 S. Rural Road', 'address2': '2nd floor', 'zip_code': '85281', 'city': 'Tempe', 'state_code': 'AZ', 'country_code': 'USA', 'latitude': 33.411898, 'longitude': -111.926263}, {'description': 'Google Pittsburgh', 'address1': '4720 Forbes Avenue', 'address2': 'Lower Level', 'zip_code': '15213', 'city': 'Pittsburgh', 'state_code': 'PA', 'country_code': 'USA', 'latitude': 40.444528, 'longitude': -79.946269}, {'description': 'Google San Francisco', 'address1': '345 Spear Street', 'address2': '4th Floor', 'zip_code': '94105', 'city': 'San Francisco', 'state_code': 'CA', 'country_code': 'USA', 'latitude': 37.789803, 'longitude': -122.389757}, {'description': 'Google Santa Monica', 'address1': '604 Arizona Avenue', 'address2': '', 'zip_code': '90401', 'city': 'Santa Monica', 'state_code': 'CA', 'country_code': 'USA', 'latitude': 34.019282, 'longitude': -118.494288}, {'description': 'Google Seattle', 'address1': 'Evanston Building', 'address2': '501 N. 34th Street, Suite 300', 'zip_code': '98103', 'city': 'Seattle', 'state_code': 'WA', 'country_code': 'USA', 'latitude': 47.675326, 'longitude': -122.351397}, {'description': 'Google Seattle', 'address1': '651 N. 34th St.', 'address2': '', 'zip_code': '98103', 'city': 'Seattle', 'state_code': 'WA', 'country_code': 'USA', 'latitude': 47.649701, 'longitude': -122.350592}, {'description': 'Google Washington DC', 'address1': '1101 New York Avenue, N.W.', 'address2': 'Second Floor', 'zip_code': '20005', 'city': 'Washington', 'state_code': 'DC', 'country_code': 'USA', 'latitude': 38.901113, 'longitude': -77.027101}, {'description': 'Google Melbourne', 'address1': 'Rialto South Tower, Level 27', 'address2': '525 Collins Street', 'zip_code': '3000', 'city': 'Melbourne', 'state_code': None, 'country_code': 'AUS', 'latitude': -37.879234, 'longitude': 145.073608}, {'description': 'Google Sydney', 'address1': 'Levels 11 & 18, Tower 1, Darling Park', 'address2': '201 Sussex St.', 'zip_code': '2000', 'city': 'Sydney', 'state_code': None, 'country_code': 'AUS', 'latitude': -34.822723, 'longitude': 138.612396}, {'description': 'Google Beijing', 'address1': 'Tsinghua Science Park Bldg 6', 'address2': 'No. 1 Zhongguancun East Road', 'zip_code': '100084', 'city': 'Beijing', 'state_code': None, 'country_code': 'CHN', 'latitude': None, 'longitude': None}, {'description': 'Google Guangzhou', 'address1': 'Tower A, 23/F, Center Plaza', 'address2': '161 Lin he Xi Lu, Tian He District', 'zip_code': '510620', 'city': 'Guangzhou', 'state_code': None, 'country_code': 'CHN', 'latitude': None, 'longitude': None}, {'description': 'Google Shanghai', 'address1': '16F, Raffles City', 'address2': 'No.268 Xizang Zhong Road, Huangpu District', 'zip_code': '200001', 'city': 'Shanghai', 'state_code': None, 'country_code': 'CHN', 'latitude': None, 'longitude': None}, {'description': 'Google Hong Kong', 'address1': 'One IFC - 18/F', 'address2': '1 Harbour View Street', 'zip_code': '', 'city': 'Central', 'state_code': None, 'country_code': 'HKG', 'latitude': None, 'longitude': None}, {'description': 'Google Bangalore', 'address1': 'Prestige Sigma, No. 3, 1st Floor', 'address2': 'Vittal Mallya Road (Grant Road)', 'zip_code': '560 001', 'city': 'Bangalore', 'state_code': None, 'country_code': 'IND', 'latitude': None, 'longitude': None}, {'description': 'Google Delhi', 'address1': 'Tower C, Level 9', 'address2': 'Building No. 8', 'zip_code': '122002', 'city': 'Gurgaon', 'state_code': None, 'country_code': 'USA', 'latitude': None, 'longitude': None}, {'description': 'Google Delhi (Honeybee)', 'address1': 'No. B1/A6, First Floor', 'address2': 'Mohan Co-operative Industrial Estate Mathura Road', 'zip_code': '110044', 'city': 'New Delhi', 'state_code': None, 'country_code': 'IND', 'latitude': 28.86999, 'longitude': 77.122261}, {'description': 'Google Hyderabad', 'address1': 'BLOCK A, Fourth Floor', 'address2': 'Plot No. 14, Road NO 2', 'zip_code': '500 081', 'city': 'Hyderabad', 'state_code': None, 'country_code': 'IND', 'latitude': None, 'longitude': None}, {'description': 'Google Mumbai', 'address1': '264-265 Vasvani Chambers', 'address2': 'Dr Annie Besant Road', 'zip_code': '400 025', 'city': 'Mumbai', 'state_code': None, 'country_code': 'IND', 'latitude': None, 'longitude': None}, {'description': 'Google Japan Headquarters', 'address1': '6F Cerulean Tower', 'address2': '26-1 Sakuragaoka-cho', 'zip_code': '150-8512', 'city': 'Tokyo', 'state_code': None, 'country_code': 'JPN', 'latitude': None, 'longitude': None}, {'description': 'Google Osaka', 'address1': '9F, Edobori Center Building', 'address2': '2-1-1 Edobori', 'zip_code': '550-0002', 'city': 'Osaka', 'state_code': None, 'country_code': 'USA', 'latitude': None, 'longitude': None}, {'description': 'Google Seoul', 'address1': '22nd Floor, Gangnam Finance Center', 'address2': '737 Yeoksam-dong', 'zip_code': '135 984', 'city': 'Seoul', 'state_code': None, 'country_code': 'PRK', 'latitude': None, 'longitude': None}, {'description': 'Google Singapore', 'address1': 'Level 25 North Tower', 'address2': 'One Raffles Quay', 'zip_code': '048583', 'city': 'Singapore', 'state_code': None, 'country_code': 'SGP', 'latitude': None, 'longitude': None}, {'description': 'Google Taipei', 'address1': 'Level 73, Taipei 101 Tower', 'address2': '7 Xinyi Road, Sec. 5,', 'zip_code': '110', 'city': 'Taipei', 'state_code': None, 'country_code': 'TWN', 'latitude': None, 'longitude': None}, {'description': 'Google Aarhus', 'address1': 'Aabogade 15', 'address2': '8200 Aarhus N', 'zip_code': '', 'city': '', 'state_code': None, 'country_code': 'DNK', 'latitude': 56.171882, 'longitude': 10.187799}, {'description': 'Google Copenhagen', 'address1': 'Larsbjornsstraede 3', 'address2': '1454 Copenhagen K.', 'zip_code': '', 'city': '', 'state_code': None, 'country_code': 'DNK', 'latitude': None, 'longitude': None}, {'description': 'Google Helsinki', 'address1': 'Luna House', 'address2': 'Mannerheimintie 12 B', 'zip_code': '', 'city': 'Helsinki', 'state_code': None, 'country_code': 'FIN', 'latitude': None, 'longitude': None}, {'description': 'Google Paris', 'address1': ""38 avenue de l'OpÃ©ra"", 'address2': '', 'zip_code': '75002', 'city': 'Paris', 'state_code': None, 'country_code': 'FRA', 'latitude': 48.869606, 'longitude': 2.332749}, {'description': 'Google Hamburg', 'address1': 'ABC-Strasse 19', 'address2': '', 'zip_code': '20354', 'city': 'Hamburg', 'state_code': None, 'country_code': 'DEU', 'latitude': 53.554052, 'longitude': 9.985266}, {'description': 'Google Dublin', 'address1': 'Gordon House', 'address2': 'Barrow Street', 'zip_code': '4', 'city': 'Dublin', 'state_code': None, 'country_code': 'IRL', 'latitude': 53.339914, 'longitude': -6.234424}, {'description': 'Google Italy', 'address1': 'Corso Europa 2', 'address2': '', 'zip_code': '20122', 'city': 'Milan', 'state_code': None, 'country_code': 'ITA', 'latitude': 45.46381, 'longitude': 9.195978}, {'description': 'Google Amsterdam', 'address1': 'Claude Debussylaan 34', 'address2': 'Vinoly Mahler 4', 'zip_code': '1082', 'city': 'Amsterdam', 'state_code': None, 'country_code': 'NLD', 'latitude': 52.337495, 'longitude': 4.871464}, {'description': 'Google Oslo', 'address1': 'C.J. Hambros plass 2C', 'address2': '', 'zip_code': 'N-0164', 'city': 'Oslo', 'state_code': None, 'country_code': 'NOR', 'latitude': 59.915848, 'longitude': 10.741047}, {'description': 'Google Trondheim', 'address1': 'Beddingen 10', 'address2': '', 'zip_code': '7014', 'city': 'Trondheim', 'state_code': None, 'country_code': 'NOR', 'latitude': 63.435324, 'longitude': 10.412428}, {'description': 'Google KrakÃ³w', 'address1': 'ul. Krupnicza 16', 'address2': '', 'zip_code': '31-123', 'city': 'KrakÃ³w', 'state_code': None, 'country_code': 'POL', 'latitude': 50.063281, 'longitude': 19.929806}, {'description': 'Google WrocÅ‚aw', 'address1': 'Bema Plaza, V pietro', 'address2': 'Plac Gen. Jozefa Bema nr 2', 'zip_code': '50-265', 'city': 'Wroclaw', 'state_code': None, 'country_code': 'POL', 'latitude': 51.116574, 'longitude': 17.041942}, {'description': 'Google Moscow', 'address1': '7 Balchug st.', 'address2': '', 'zip_code': '115035', 'city': 'Moscow', 'state_code': None, 'country_code': 'RUS', 'latitude': None, 'longitude': None}, {'description': 'Google St. Petersburg', 'address1': 'Nevsky 25', 'address2': 'Nevsky Prospect 25', 'zip_code': '191186', 'city': 'St. Petersburg', 'state_code': None, 'country_code': 'RUS', 'latitude': None, 'longitude': None}, {'description': 'Google Madrid', 'address1': 'Torre Picasso', 'address2': 'Plaza Pablo Ruiz Picasso 1', 'zip_code': '28020', 'city': 'Madrid', 'state_code': None, 'country_code': 'ESP', 'latitude': None, 'longitude': None}, {'description': 'Google LuleÃ¥ Sweden', 'address1': 'Aurorum 2', 'address2': '', 'zip_code': '977 75', 'city': 'LuleÃ¥', 'state_code': None, 'country_code': 'SWE', 'latitude': 65.617491, 'longitude': 22.126255}, {'description': 'Google Stockholm', 'address1': 'MÃ¤ster Samuelsgatan 60', 'address2': '', 'zip_code': '111 21', 'city': 'Stockholm', 'state_code': None, 'country_code': 'SWE', 'latitude': 59.332344, 'longitude': 18.060162}, {'description': 'Google ZÃ¼rich', 'address1': 'Brandschenkestrasse 110', 'address2': '', 'zip_code': '8002', 'city': 'ZÃ¼rich', 'state_code': None, 'country_code': 'CHE', 'latitude': 47.36554, 'longitude': 8.524864}, {'description': 'Google London', 'address1': 'Belgrave House', 'address2': '76 Buckingham Palace Road', 'zip_code': 'SW1W 9TQ', 'city': 'London', 'state_code': None, 'country_code': 'GBR', 'latitude': None, 'longitude': None}, {'description': 'Google Manchester', 'address1': 'Peter House', 'address2': 'Oxford Street', 'zip_code': 'M1 5AN', 'city': 'Manchester', 'state_code': None, 'country_code': 'GBR', 'latitude': 53.473606, 'longitude': -2.250166}, {'description': 'Google Montreal', 'address1': '1000 rue de la Gauchetiere Ouest', 'address2': 'Suite 2449', 'zip_code': 'H3B4W5', 'city': 'Montreal', 'state_code': None, 'country_code': 'CAN', 'latitude': 45.498588, 'longitude': -73.567044}, {'description': 'Google Toronto', 'address1': 'BCE Place, TD Canada Trust Tower', 'address2': '161 Bay Street, 27th Floor', 'zip_code': 'M5J 2S1', 'city': 'Toronto', 'state_code': None, 'country_code': 'CAN', 'latitude': None, 'longitude': None}, {'description': 'Google Waterloo', 'address1': '340 Hagey Blvd', 'address2': '2nd Floor', 'zip_code': 'N2L 6R6', 'city': 'Waterloo', 'state_code': None, 'country_code': 'CAN', 'latitude': 43.474704, 'longitude': -80.546381}, {'description': 'Google Buenos Aires', 'address1': 'Alicia M. De Justo 350, 2Âº', 'address2': 'Puerto Madero', 'zip_code': 'C1107AAH', 'city': 'Buenos Aires', 'state_code': None, 'country_code': 'ARG', 'latitude': None, 'longitude': None}, {'description': 'Google Sao Paulo', 'address1': 'Av. Brigadeiro Faria Lima', 'address2': 'nÂº 3900 5th floor, Itaim', 'zip_code': '04538-132', 'city': 'Sao Paulo', 'state_code': None, 'country_code': 'BRA', 'latitude': -23.590463, 'longitude': -46.681494}, {'description': 'Google Mexico', 'address1': 'Blvd. Manuel Avila Camacho #36', 'address2': 'Torre Esmeralda 2, Piso 12, Lomas de Chapultepec', 'zip_code': '1100', 'city': 'Mexico', 'state_code': None, 'country_code': 'MEX', 'latitude': 19.507519, 'longitude': -99.030156}, {'description': 'Google Haifa', 'address1': 'Building 30, MATAM, Advanced Technology Center', 'address2': 'PO Box 15096', 'zip_code': '31905', 'city': 'Haifa', 'state_code': None, 'country_code': 'ISR', 'latitude': None, 'longitude': None}, {'description': 'Google Tel Aviv', 'address1': 'Levinstein Tower', 'address2': '23 Menachem Begin Road', 'zip_code': '66183', 'city': 'Tel-Aviv', 'state_code': None, 'country_code': 'ISR', 'latitude': None, 'longitude': None}, {'description': 'Google Istanbul', 'address1': 'Kanyon Ofis Binasi Kat. 6', 'address2': 'Buyukdere Cad. No. 185', 'zip_code': '34394', 'city': 'Istanbul', 'state_code': None, 'country_code': 'TUR', 'latitude': None, 'longitude': None}, {'description': 'Google Dubai', 'address1': 'First Floor, Building No 17', 'address2': 'Dubai Internet City', 'zip_code': '1', 'city': 'Dubai', 'state_code': None, 'country_code': 'ARE', 'latitude': None, 'longitude': None}]",Google Paris,38 avenue de l'OpÃ©ra,,75002,Paris,,FRA,48.869606,2.332749
1,Zlio,ecommerce,$4M,"[{'description': '', 'address1': '55 rue Servan', 'address2': '', 'zip_code': '75011', 'city': 'Paris', 'state_code': None, 'country_code': 'FRA', 'latitude': 48.862825, 'longitude': 2.381836}]",,55 rue Servan,,75011,Paris,,FRA,48.862825,2.381836
3,Netvibes,web,$16M,"[{'description': 'Paris', 'address1': '114, rue Cardinet', 'address2': '', 'zip_code': '75017', 'city': 'Paris', 'state_code': None, 'country_code': 'FRA', 'latitude': 48.870806, 'longitude': 2.34668}, {'description': 'San Francisco', 'address1': '49 Geary', 'address2': 'Suite 234', 'zip_code': '94108', 'city': 'San Francisco', 'state_code': 'CA', 'country_code': 'USA', 'latitude': None, 'longitude': None}]",Paris,"114, rue Cardinet",,75017,Paris,,FRA,48.870806,2.34668
4,TVtrip,web,$13.8M,"[{'description': None, 'address1': '', 'address2': '', 'zip_code': '', 'city': 'Paris', 'state_code': None, 'country_code': 'FRA', 'latitude': 48.856667, 'longitude': 2.350987}]",,,,,Paris,,FRA,48.856667,2.350987
5,Adknowledge,advertising,$248M,"[{'description': 'World Headquarters', 'address1': '4600 Madison Ave., 10th Floor', 'address2': '', 'zip_code': '64112', 'city': 'Kansas City', 'state_code': 'MO', 'country_code': 'USA', 'latitude': 39.044694, 'longitude': -94.597896}, {'description': 'Adknowledge New York', 'address1': '7 Penn Plaza', 'address2': '370 Seventh Ave., 17th Fl.', 'zip_code': '10001', 'city': 'New York', 'state_code': 'NY', 'country_code': 'USA', 'latitude': 40.748901, 'longitude': -73.992463}, {'description': 'Adknowledge San Francisco', 'address1': '33 New Montgomery St.', 'address2': 'Suite 220', 'zip_code': '94105', 'city': 'San Francisco', 'state_code': 'CA', 'country_code': 'USA', 'latitude': 37.78866, 'longitude': -122.401406}, {'description': 'Adknowledge Fort Myers', 'address1': '5220 Summerlin Commons Blvd.', 'address2': 'Suite 501', 'zip_code': '33907', 'city': 'Fort Myers', 'state_code': 'FL', 'country_code': 'USA', 'latitude': 26.580095, 'longitude': -81.879069}, {'description': 'Adknowledge Toronto', 'address1': '129 Spadina Ave.', 'address2': '#400', 'zip_code': 'M5V 2L3', 'city': 'Toronto', 'state_code': None, 'country_code': 'CAN', 'latitude': 43.6474554, 'longitude': -79.3953743}, {'description': 'Adknowledge UK', 'address1': '4th Floor Stanford House', 'address2': '27a Floral St.', 'zip_code': 'WC2E 9EZ', 'city': 'Covent Garden, London', 'state_code': None, 'country_code': 'GBR', 'latitude': 51.5114403, 'longitude': -0.1229212}, {'description': 'Adknowledge Germany', 'address1': 'Adams-Lehmann-Str. 56, 80797', 'address2': '', 'zip_code': '', 'city': 'Munich', 'state_code': None, 'country_code': 'DEU', 'latitude': 48.1635092, 'longitude': 11.5582609}, {'description': 'Adknowledge France', 'address1': '161, rue du Faubourg Saint-Antoine', 'address2': '', 'zip_code': '75011', 'city': 'Paris', 'state_code': None, 'country_code': 'FRA', 'latitude': 48.8506065, 'longitude': 2.3797825}, {'description': 'Adknowledge China', 'address1': '3/F Silver Court', 'address2': 'No. 85 Tao Yuan Lu', 'zip_code': '200021', 'city': 'Shanghai', 'state_code': None, 'country_code': 'CHN', 'latitude': 31.222622, 'longitude': 121.4770384}]",Adknowledge France,"161, rue du Faubourg Saint-Antoine",,75011,Paris,,FRA,48.8506065,2.3797825
7,eXelate,advertising,$32M,"[{'description': 'Headquarters', 'address1': '7 West 22nd Street', 'address2': '9th Floor', 'zip_code': '10010', 'city': 'New York', 'state_code': 'NY', 'country_code': 'USA', 'latitude': 40.741266, 'longitude': -73.990753}, {'description': 'San Francisco', 'address1': '156 2nd Street', 'address2': '', 'zip_code': '94105', 'city': 'San Francisco', 'state_code': 'CA', 'country_code': 'USA', 'latitude': 37.787249, 'longitude': -122.3990501}, {'description': 'Chicago', 'address1': '954 W. Washington Blvd.', 'address2': 'Suite 500', 'zip_code': '60607', 'city': 'Chicago', 'state_code': 'IL', 'country_code': 'USA', 'latitude': 41.8831959, 'longitude': -87.6517774}, {'description': 'Israel (R&D)', 'address1': '15 Atir Yeda Street', 'address2': '4th Floor', 'zip_code': '44643', 'city': 'Kfar-Saba', 'state_code': None, 'country_code': 'ISR', 'latitude': 32.1618634, 'longitude': 34.9341664}, {'description': 'Paris', 'address1': '75 Boulevard Haussmann', 'address2': '', 'zip_code': '75008', 'city': 'Paris', 'state_code': None, 'country_code': 'FRA', 'latitude': 48.8743443, 'longitude': 2.3226888}, {'description': 'UK', 'address1': '36 Soho Square', 'address2': '', 'zip_code': 'W1D 3QY', 'city': 'London', 'state_code': None, 'country_code': 'GBR', 'latitude': 51.5150129, 'longitude': -0.1326786}]",Paris,75 Boulevard Haussmann,,75008,Paris,,FRA,48.8743443,2.3226888
8,blueKiwi,enterprise,$12.3M,"[{'description': '', 'address1': '93 rue Vieille du Temple', 'address2': '', 'zip_code': '75003', 'city': 'Paris', 'state_code': None, 'country_code': 'FRA', 'latitude': 48.8599791, 'longitude': 2.3608064}, {'description': '', 'address1': '221 Main Street, Suite 750', 'address2': '', 'zip_code': 'CA 94105', 'city': 'San Francisco', 'state_code': 'CA', 'country_code': 'USA', 'latitude': None, 'longitude': None}]",,93 rue Vieille du Temple,,75003,Paris,,FRA,48.8599791,2.3608064
9,Deezer,music,$149M,"[{'description': 'Deezer', 'address1': ""12, rue d'Athenes"", 'address2': '', 'zip_code': '75009', 'city': 'Paris', 'state_code': None, 'country_code': 'FRA', 'latitude': 48.8780596, 'longitude': 2.3283853}]",Deezer,"12, rue d'Athenes",,75009,Paris,,FRA,48.8780596,2.3283853
10,Kewego,games_video,$19.4M,"[{'description': 'HQ', 'address1': '111, rue Cardinet', 'address2': '', 'zip_code': '75017', 'city': 'Paris', 'state_code': None, 'country_code': 'FRA', 'latitude': 46.227638, 'longitude': 2.213749}]",HQ,"111, rue Cardinet",,75017,Paris,,FRA,46.227638,2.213749
11,Twenga,ecommerce,€2.6M,"[{'description': 'Paris Office', 'address1': '38 rue du Sentier', 'address2': '', 'zip_code': '75002', 'city': 'Paris', 'state_code': None, 'country_code': 'FRA', 'latitude': 48.856667, 'longitude': 2.350987}, {'description': 'London Office', 'address1': '27 Old Gloucester Street', 'address2': '', 'zip_code': 'WC1N 3AX', 'city': 'London', 'state_code': None, 'country_code': 'GBR', 'latitude': None, 'longitude': None}, {'description': 'Stuttgart Office', 'address1': 'Libanonstrasse 85', 'address2': '', 'zip_code': '70186', 'city': 'Stuttgart', 'state_code': None, 'country_code': 'DEU', 'latitude': None, 'longitude': None}]",Paris Office,38 rue du Sentier,,75002,Paris,,FRA,48.856667,2.350987
12,Viadeo,social,$50.2M,"[{'description': 'HQ', 'address1': '30 Rue de la Victoire', 'address2': '', 'zip_code': '75009', 'city': 'Paris', 'state_code': None, 'country_code': 'FRA', 'latitude': 48.8747064, 'longitude': 2.3304161}]",HQ,30 Rue de la Victoire,,75009,Paris,,FRA,48.8747064,2.3304161
13,FastBooking,web,€35M,"[{'description': 'FastBooking', 'address1': '63 avenue des Champs Elysées', 'address2': '', 'zip_code': '75008', 'city': 'Paris', 'state_code': None, 'country_code': 'FRA', 'latitude': 37.09024, 'longitude': -95.712891}]",FastBooking,63 avenue des Champs Elysées,,75008,Paris,,FRA,37.09024,-95.712891
14,Streamezzo,mobile,$45.5M,"[{'description': 'HQ', 'address1': '21 avenue Victor Hugo', 'address2': '', 'zip_code': '75016', 'city': 'Paris', 'state_code': None, 'country_code': 'FRA', 'latitude': 48.872159, 'longitude': 2.291225}]",HQ,21 avenue Victor Hugo,,75016,Paris,,FRA,48.872159,2.291225
16,fotopedia,news,$12.7M,"[{'description': 'Paris', 'address1': '', 'address2': '', 'zip_code': '', 'city': 'Paris', 'state_code': None, 'country_code': 'FRA', 'latitude': 48.856667, 'longitude': 2.350987}, {'description': 'San Francisco', 'address1': '', 'address2': '', 'zip_code': '94133', 'city': 'San Francisco', 'state_code': 'CA', 'country_code': 'USA', 'latitude': None, 'longitude': None}]",Paris,,,,Paris,,FRA,48.856667,2.350987
17,Exalead,search,$15.6M,"[{'description': None, 'address1': '10 place de la madeleine', 'address2': '', 'zip_code': '75008', 'city': 'Paris', 'state_code': None, 'country_code': 'FRA', 'latitude': 48.86931, 'longitude': 2.324782}]",,10 place de la madeleine,,75008,Paris,,FRA,48.86931,2.324782
18,eYeka,software,$9.34M,"[{'description': 'HQ', 'address1': '79 rue la Boétie', 'address2': '', 'zip_code': '75008', 'city': 'Paris', 'state_code': None, 'country_code': 'FRA', 'latitude': 48.856667, 'longitude': 2.350987}, {'description': 'Asia-Pacific', 'address1': '24 Duxton Road', 'address2': '', 'zip_code': '089488', 'city': 'Singapore', 'state_code': None, 'country_code': 'SGP', 'latitude': None, 'longitude': None}]",HQ,79 rue la Boétie,,75008,Paris,,FRA,48.856667,2.350987
19,Iminent,software,€5.4M,"[{'description': '', 'address1': '20 rue Bouvier', 'address2': '', 'zip_code': '75011', 'city': 'Paris', 'state_code': None, 'country_code': 'FRA', 'latitude': 48.8522431, 'longitude': 2.387422}]",,20 rue Bouvier,,75011,Paris,,FRA,48.8522431,2.387422
22,Nvidia,hardware,$25M,"[{'description': 'Corporate Headquarters', 'address1': '2701 San Tomas Expressway', 'address2': '', 'zip_code': '95050', 'city': 'Santa Clara', 'state_code': 'CA', 'country_code': 'USA', 'latitude': 37.370026, 'longitude': -121.965381}, {'description': 'England Office', 'address1': 'Arlington Business Park', 'address2': '2/F, Building 1310', 'zip_code': 'RG7 4SA', 'city': 'Reading', 'state_code': None, 'country_code': 'GBR', 'latitude': None, 'longitude': None}, {'description': 'Finland Office', 'address1': 'Urho Kekkosen katu 3 B', 'address2': '', 'zip_code': '00100', 'city': 'Helsinki', 'state_code': None, 'country_code': 'FIN', 'latitude': 60.168546, 'longitude': 24.932475}, {'description': 'France Office', 'address1': '14 Place Marie Jeanne Bassot', 'address2': '', 'zip_code': '92593', 'city': 'Levallois Perret Cedex', 'state_code': None, 'country_code': 'FRA', 'latitude': 48.897549, 'longitude': 2.283542}, {'description': 'Germany Office', 'address1': 'Adenauerstr. 20 A4', 'address2': '', 'zip_code': '52146', 'city': 'WÃ¼rselen', 'state_code': None, 'country_code': 'DEU', 'latitude': 50.804956, 'longitude': 6.153656}, {'description': 'Beijing Office', 'address1': 'Unit 2901- 2904', 'address2': 'Jian Guo Men Wai Avenue', 'zip_code': '100004 P.R.C', 'city': 'Beijing', 'state_code': None, 'country_code': 'CHN', 'latitude': None, 'longitude': None}, {'description': 'Singapore', 'address1': '3 International Business Park', 'address2': '#01-20A', 'zip_code': '609927', 'city': 'Singapore', 'state_code': None, 'country_code': 'MYS', 'latitude': 1.328686, 'longitude': 103.747574}, {'description': 'India Office', 'address1': 'Brigade South Parade', 'address2': '#10, M.G. Road', 'zip_code': '560 001', 'city': 'Bangalore', 'state_code': None, 'country_code': 'IND', 'latitude': None, 'longitude': None}]",France Office,14 Place Marie Jeanne Bassot,,92593,Levallois Perret Cedex,,FRA,48.897549,2.283542
23,Zefanclub,web,$1M,"[{'description': 'Zefanclub Paris', 'address1': '19 Rue Vivienne', 'address2': '', 'zip_code': '75002', 'city': 'Paris', 'state_code': None, 'country_code': 'FRA', 'latitude': 48.868478, 'longitude': 2.339843}, {'description': 'Zefanclub Istanbul', 'address1': 'Nispetiye Mah. Aytar Cad.', 'address2': 'Basaran Apartmani Etiler-Levent', 'zip_code': '', 'city': 'Istanbul', 'state_code': None, 'country_code': 'TUR', 'latitude': None, 'longitude': None}]",Zefanclub Paris,19 Rue Vivienne,,75002,Paris,,FRA,48.868478,2.339843
24,SquareClock,web,$1.25M,"[{'description': '', 'address1': '7 rue Jean Dutilloya', 'address2': '', 'zip_code': '92600', 'city': 'Asnieres sur seine', 'state_code': None, 'country_code': 'FRA', 'latitude': 48.9064804, 'longitude': 2.2860418}]",,7 rue Jean Dutilloya,,92600,Asnieres sur seine,,FRA,48.9064804,2.2860418
25,Bestofmedia Group,news,$38.9M,"[{'description': 'Global Headquarters', 'address1': '26 avenue de Gaulle', 'address2': '', 'zip_code': '92150', 'city': 'Suresnes', 'state_code': None, 'country_code': 'FRA', 'latitude': 48.8704095, 'longitude': 2.2246339}, {'description': 'U.S. Headquarters', 'address1': '9696 Culver Blvd', 'address2': '#104', 'zip_code': '90232', 'city': 'Culver City', 'state_code': 'CA', 'country_code': 'USA', 'latitude': 34.0221299, 'longitude': -118.395743}]",Global Headquarters,26 avenue de Gaulle,,92150,Suresnes,,FRA,48.8704095,2.2246339
27,Zoomorama,web,€1.45M,"[{'description': 'Paris', 'address1': '80 rue des haies', 'address2': '', 'zip_code': '', 'city': 'Paris', 'state_code': None, 'country_code': 'FRA', 'latitude': 48.854845, 'longitude': 2.40352}]",Paris,80 rue des haies,,,Paris,,FRA,48.854845,2.40352
30,Drimki,ecommerce,$5.14M,"[{'description': '', 'address1': '', 'address2': '', 'zip_code': '', 'city': 'Paris', 'state_code': None, 'country_code': 'FRA', 'latitude': 48.856667, 'longitude': 2.350987}]",,,,,Paris,,FRA,48.856667,2.350987
31,Mediastay,games_video,$21.5M,"[{'description': 'MEDIASTAY SAS', 'address1': '45 rue Jean Jaures', 'address2': '', 'zip_code': '92300', 'city': 'Levallois Perret', 'state_code': None, 'country_code': 'FRA', 'latitude': 48.891494, 'longitude': 2.292728}, {'description': 'MEDIASTAY NORTH AMERICA', 'address1': '350 Sansome Street', 'address2': '', 'zip_code': '94104', 'city': 'San Francisco', 'state_code': 'CA', 'country_code': 'USA', 'latitude': None, 'longitude': None}]",MEDIASTAY SAS,45 rue Jean Jaures,,92300,Levallois Perret,,FRA,48.891494,2.292728
32,Extend Media,software,$33.2M,"[{'description': 'Corporate Headquarters', 'address1': '199 Wells Ave', 'address2': 'Suite 105', 'zip_code': '02459', 'city': 'Newton', 'state_code': 'MA', 'country_code': 'USA', 'latitude': 42.295137, 'longitude': -71.200686}, {'description': 'ExtendMedia Production', 'address1': '190 Liberty Street, 2nd Floor', 'address2': '', 'zip_code': 'M6K 3L5', 'city': 'Toronto, Ontario', 'state_code': None, 'country_code': 'CAN', 'latitude': 43.6373101, 'longitude': -79.4254603}, {'description': 'ExtendMedia Europe', 'address1': '628, chemin de Malbosquet', 'address2': '', 'zip_code': '06140', 'city': 'Vence', 'state_code': None, 'country_code': 'FRA', 'latitude': 43.7129305, 'longitude': 7.1346567}]",ExtendMedia Europe,"628, chemin de Malbosquet",,06140,Vence,,FRA,43.7129305,7.1346567
33,Coremetrics,advertising,$91M,"[{'description': 'Corporate Headquarters', 'address1': '1840 Gateway Drive', 'address2': 'Suite 320', 'zip_code': '94404', 'city': 'San Mateo', 'state_code': 'CA', 'country_code': 'USA', 'latitude': 37.55873, 'longitude': -122.27992}, {'description': 'Coremetrics Europe', 'address1': 'Gainsborough House', 'address2': '59-60 Thames Street', 'zip_code': 'SL4 1TX', 'city': 'Windsor, Berkshire', 'state_code': None, 'country_code': 'GBR', 'latitude': None, 'longitude': None}, {'description': 'Coremetrics GmbH', 'address1': 'Chilehaus A', 'address2': 'Fischertwiete 2', 'zip_code': 'D-20095', 'city': 'Hamburg', 'state_code': None, 'country_code': 'DEU', 'latitude': None, 'longitude': None}, {'description': 'Coremetrics France', 'address1': '25B Avenue du Petit Parc', 'address2': '', 'zip_code': '94300', 'city': 'Vincennes', 'state_code': None, 'country_code': 'FRA', 'latitude': 48.843399, 'longitude': 2.428526}, {'description': 'Australia and New Zealand', 'address1': 'Level 27, 101 Collins Street', 'address2': '', 'zip_code': 'Vic 3000', 'city': 'Melbourne', 'state_code': None, 'country_code': 'AUS', 'latitude': -37.814541, 'longitude': 144.9705}]",Coremetrics France,25B Avenue du Petit Parc,,94300,Vincennes,,FRA,48.843399,2.428526
34,Mimosa Systems,software,$53.8M,"[{'description': 'Headquarters', 'address1': '3200 Coronado Drive', 'address2': '', 'zip_code': '95054', 'city': 'Santa Clara', 'state_code': 'CA', 'country_code': 'USA', 'latitude': 37.379684, 'longitude': -121.97514}, {'description': 'Canada office', 'address1': '34 Colonnade Road, Suite 100', 'address2': '', 'zip_code': 'K2E 7J6', 'city': 'Ottawa', 'state_code': None, 'country_code': 'CAN', 'latitude': 45.343475, 'longitude': -75.7186146}, {'description': 'United Kingdom office', 'address1': '400 Thames Valley Park Drive', 'address2': '', 'zip_code': 'RG6 1PT', 'city': 'Reading', 'state_code': None, 'country_code': 'GBR', 'latitude': 51.461674, 'longitude': -0.93391}, {'description': 'France office', 'address1': ""121 Rue d'Aguesseau"", 'address2': '', 'zip_code': '92100', 'city': 'Boulogne Billancourt', 'state_code': None, 'country_code': 'FRA', 'latitude': 48.8386994, 'longitude': 2.2376715}, {'description': 'Germany office', 'address1': 'Max-Planck-Strasse 4', 'address2': '', 'zip_code': '85609', 'city': 'Aschheim-Dornach', 'state_code': None, 'country_code': 'DEU', 'latitude': 48.1520662, 'longitude': 11.6823188}, {'description': 'Australia office', 'address1': 'Level 26,44 Market Street', 'address2': '', 'zip_code': '2000', 'city': 'Sydney NSW', 'state_code': None, 'country_code': 'AUS', 'latitude': None, 'longitude': None}, {'description': 'China office', 'address1': 'Level 29 Kerry Centre, 1515 Nan Jing West, Road Jing An District', 'address2': '', 'zip_code': '200040', 'city': 'Shanghai', 'state_code': None, 'country_code': 'CHN', 'latitude': None, 'longitude': None}, {'description': 'India office', 'address1': '4 th Floor, Amar Apex, Near Baner telephone exchange, Baner Road', 'address2': '', 'zip_code': '411045', 'city': 'Pune', 'state_code': None, 'country_code': 'IND', 'latitude': None, 'longitude': None}]",France office,121 Rue d'Aguesseau,,92100,Boulogne Billancourt,,FRA,48.8386994,2.2376715
35,Mimosa Systems,software,$53.8M,"[{'description': 'Headquarters', 'address1': '3200 Coronado Drive', 'address2': '', 'zip_code': '95054', 'city': 'Santa Clara', 'state_code': 'CA', 'country_code': 'USA', 'latitude': 37.379684, 'longitude': -121.97514}, {'description': 'Canada office', 'address1': '34 Colonnade Road, Suite 100', 'address2': '', 'zip_code': 'K2E 7J6', 'city': 'Ottawa', 'state_code': None, 'country_code': 'CAN', 'latitude': 45.343475, 'longitude': -75.7186146}, {'description': 'United Kingdom office', 'address1': '400 Thames Valley Park Drive', 'address2': '', 'zip_code': 'RG6 1PT', 'city': 'Reading', 'state_code': None, 'country_code': 'GBR', 'latitude': 51.461674, 'longitude': -0.93391}, {'description': 'France office', 'address1': ""121 Rue d'Aguesseau"", 'address2': '', 'zip_code': '92100', 'city': 'Boulogne Billancourt', 'state_code': None, 'country_code': 'FRA', 'latitude': 48.8386994, 'longitude': 2.2376715}, {'description': 'Germany office', 'address1': 'Max-Planck-Strasse 4', 'address2': '', 'zip_code': '85609', 'city': 'Aschheim-Dornach', 'state_code': None, 'country_code': 'DEU', 'latitude': 48.1520662, 'longitude': 11.6823188}, {'description': 'Australia office', 'address1': 'Level 26,44 Market Street', 'address2': '', 'zip_code': '2000', 'city': 'Sydney NSW', 'state_code': None, 'country_code': 'AUS', 'latitude': None, 'longitude': None}, {'description': 'China office', 'address1': 'Level 29 Kerry Centre, 1515 Nan Jing West, Road Jing An District', 'address2': '', 'zip_code': '200040', 'city': 'Shanghai', 'state_code': None, 'country_code': 'CHN', 'latitude': None, 'longitude': None}, {'description': 'India office', 'address1': '4 th Floor, Amar Apex, Near Baner telephone exchange, Baner Road', 'address2': '', 'zip_code': '411045', 'city': 'Pune', 'state_code': None, 'country_code': 'IND', 'latitude': None, 'longitude': None}]",France office,121 Rue d'Aguesseau,,92100,Boulogne Billancourt,,FRA,48.8386994,2.2376715
36,Total Immersion,software,$11.2M,"[{'description': 'Total Immersion France', 'address1': '22 rue Edouard Nieuport', 'address2': '', 'zip_code': 'F-92150', 'city': 'Suresnes', 'state_code': None, 'country_code': 'FRA', 'latitude': 48.872989, 'longitude': 2.230086}, {'description': 'Total Immersion, USA', 'address1': '5900 Wilshire Boulevard', 'address2': 'Suite 2550', 'zip_code': '90036', 'city': 'Los Angeles', 'state_code': 'CA', 'country_code': 'USA', 'latitude': 34.062164, 'longitude': -118.358787}]",Total Immersion France,22 rue Edouard Nieuport,,F-92150,Suresnes,,FRA,48.872989,2.230086
38,Inspirational Stores,ecommerce,$11.5M,"[{'description': 'Corporate Headquarters', 'address1': '', 'address2': '', 'zip_code': '', 'city': 'Paris', 'state_code': None, 'country_code': 'FRA', 'latitude': 48.856667, 'longitude': 2.350987}]",Corporate Headquarters,,,,Paris,,FRA,48.856667,2.350987
40,C4M,mobile,€2.5M,"[{'description': 'Marseille HQ', 'address1': '37 rue Guibal', 'address2': '', 'zip_code': '13003', 'city': 'Marseille', 'state_code': None, 'country_code': 'FRA', 'latitude': 43.30758, 'longitude': 5.387345}]",Marseille HQ,37 rue Guibal,,13003,Marseille,,FRA,43.30758,5.387345
42,Deskom,enterprise,€3.3M,"[{'description': 'Main Office', 'address1': '5 rue Jules Lefebvre', 'address2': '', 'zip_code': '75009', 'city': 'Paris', 'state_code': None, 'country_code': 'FRA', 'latitude': 48.880415, 'longitude': 2.327278}]",Main Office,5 rue Jules Lefebvre,,75009,Paris,,FRA,48.880415,2.327278
43,Awdio,games_video,€1.5M,"[{'description': 'HQ', 'address1': '33 rue Stephenson', 'address2': '', 'zip_code': '75018', 'city': 'Paris', 'state_code': None, 'country_code': 'FRA', 'latitude': 48.887534, 'longitude': 2.356288}]",HQ,33 rue Stephenson,,75018,Paris,,FRA,48.887534,2.356288
44,Citizenside,games_video,€1.04M,"[{'description': 'Paris Bureau', 'address1': 'Level 5', 'address2': '52 boulevard Sébastopol', 'zip_code': '75003', 'city': 'Paris', 'state_code': None, 'country_code': 'FRA', 'latitude': 48.8926988, 'longitude': 2.3179601}]",Paris Bureau,Level 5,52 boulevard Sébastopol,75003,Paris,,FRA,48.8926988,2.3179601
45,Nuxeo,software,$9.25M,"[{'description': 'HQ - Europe', 'address1': '18 rue Soleillet', 'address2': '', 'zip_code': '75020', 'city': 'Paris', 'state_code': None, 'country_code': 'FRA', 'latitude': 48.8656319, 'longitude': 2.392119}, {'description': 'Boston Office', 'address1': '185 Alewife Brook Parkway', 'address2': '', 'zip_code': '02138', 'city': 'Cambridge', 'state_code': 'MA', 'country_code': 'USA', 'latitude': 42.3904729, 'longitude': -71.1423056}, {'description': 'HQ North America', 'address1': '68 Jay Street', 'address2': '', 'zip_code': '11201', 'city': 'New York', 'state_code': 'NY', 'country_code': 'USA', 'latitude': None, 'longitude': None}]",HQ - Europe,18 rue Soleillet,,75020,Paris,,FRA,48.8656319,2.392119
48,Oslo Software,enterprise,$5.54M,"[{'description': '', 'address1': '4 place Danton', 'address2': '69003 LYON', 'zip_code': '', 'city': '', 'state_code': None, 'country_code': 'FRA', 'latitude': 48.98448, 'longitude': 2.2754396}]",,4 place Danton,69003 LYON,,,,FRA,48.98448,2.2754396
49,PrestaShop,software,€3.9M,"[{'description': 'European HQ', 'address1': '55 rue Raspail', 'address2': '', 'zip_code': '92300', 'city': 'Levallois-Perret', 'state_code': None, 'country_code': 'FRA', 'latitude': 48.8687217, 'longitude': 2.3593849}, {'description': 'U.S. HQ', 'address1': '80 SW 8th Street', 'address2': '', 'zip_code': '33130', 'city': 'Miami', 'state_code': 'FL', 'country_code': 'USA', 'latitude': None, 'longitude': None}]",European HQ,55 rue Raspail,,92300,Levallois-Perret,,FRA,48.8687217,2.3593849
50,Jolicloud,enterprise,$4.2M,"[{'description': '', 'address1': '', 'address2': '', 'zip_code': '', 'city': 'Paris', 'state_code': None, 'country_code': 'FRA', 'latitude': 48.8566667, 'longitude': 2.3509871}]",,,,,Paris,,FRA,48.8566667,2.3509871
51,EcoVadis,cleantech,$1.4M,"[{'description': 'Paris', 'address1': '4 rue du Faubourg Montmartre', 'address2': '', 'zip_code': '75009', 'city': 'PARIS', 'state_code': None, 'country_code': 'FRA', 'latitude': 48.8545738, 'longitude': 2.3216223}]",Paris,4 rue du Faubourg Montmartre,,75009,PARIS,,FRA,48.8545738,2.3216223
54,Roundbox,software,$43M,"[{'description': 'HQ', 'address1': '25 Hanover Road', 'address2': 'Building A, Suite 101', 'zip_code': '07932', 'city': 'Florham Park', 'state_code': 'NJ', 'country_code': 'USA', 'latitude': 40.79034, 'longitude': -74.385196}, {'description': 'West Coast', 'address1': '215 Second Street', 'address2': '', 'zip_code': '94105', 'city': 'San Francisco', 'state_code': 'CA', 'country_code': 'USA', 'latitude': 37.7864636, 'longitude': -122.3978187}, {'description': 'Europe', 'address1': '9, Rue de CondÃ©', 'address2': '', 'zip_code': '33064', 'city': 'Bordeaux Cedex', 'state_code': None, 'country_code': 'FRA', 'latitude': 44.8435586, 'longitude': -0.5732556}]",Europe,"9, Rue de CondÃ©",,33064,Bordeaux Cedex,,FRA,44.8435586,-0.5732556
56,Nexway,ecommerce,€14M,"[{'description': 'Nexway HQ', 'address1': '1 bd des Bouvets', 'address2': '', 'zip_code': '92741', 'city': 'Nanterre cedex', 'state_code': None, 'country_code': 'FRA', 'latitude': 48.8980441, 'longitude': 2.2200007}, {'description': 'Nexway Services', 'address1': '1 bd Amiral Courbet', 'address2': 'CS 70002', 'zip_code': '30020', 'city': 'NÃ®mes cedex', 'state_code': None, 'country_code': 'FRA', 'latitude': 43.837967, 'longitude': 4.3631044}, {'description': 'Nexway UK', 'address1': 'Unit 12, Westbourne Studios', 'address2': '242 Acklam Road', 'zip_code': 'W10 5JJ', 'city': 'London', 'state_code': None, 'country_code': 'GBR', 'latitude': None, 'longitude': None}, {'description': 'Nexway Benelux', 'address1': ""ChaussÃ©e d'Alsemberg"", 'address2': '995 Bte 19', 'zip_code': '1180', 'city': 'Brussels', 'state_code': None, 'country_code': 'BEL', 'latitude': 50.7968479, 'longitude': 4.3358459}, {'description': 'Nexway Gmbh', 'address1': 'Hanauer Landstrasse 146', 'address2': '', 'zip_code': '60314', 'city': 'Frankfurt', 'state_code': None, 'country_code': 'DEU', 'latitude': None, 'longitude': None}, {'description': 'Nexway Iberica', 'address1': 'C/ Duque de FernÃ¡n NÃºÃ±ez NÂº2 2Âº Oficina 2', 'address2': '', 'zip_code': '28012', 'city': 'Madrid', 'state_code': None, 'country_code': 'ESP', 'latitude': 40.4142986, 'longitude': -3.7033074}, {'description': 'Nexway Italy', 'address1': 'cVia Pascoli, 60', 'address2': '', 'zip_code': '20133', 'city': 'Milano', 'state_code': None, 'country_code': 'ITA', 'latitude': None, 'longitude': None}, {'description': 'Nexway / Boonty SEA', 'address1': '400 Orchard road', 'address2': '#09-05', 'zip_code': '238875', 'city': 'Singapore', 'state_code': None, 'country_code': 'SGP', 'latitude': 1.307505, 'longitude': 103.8295}, {'description': 'Degica / Boonty Japan', 'address1': 'TK Kichojijo Bldg 6F', 'address2': '2-5-10 Kichijoji Honcho, Musashino-shi', 'zip_code': '180-0004', 'city': 'Tokyo', 'state_code': None, 'country_code': 'JPN', 'latitude': None, 'longitude': None}, {'description': 'Nexway GmbH', 'address1': 'Haldenstrasse 1', 'address2': '', 'zip_code': '6340', 'city': 'Baar ZG', 'state_code': None, 'country_code': 'CHE', 'latitude': None, 'longitude': None}, {'description': 'Nexway Portugal', 'address1': 'General Firmino Miguel, 3, Torre 2,1Â°A', 'address2': '', 'zip_code': '1600-100', 'city': 'Lisboa', 'state_code': None, 'country_code': 'PRT', 'latitude': None, 'longitude': None}, {'description': 'Nexway Inc.', 'address1': '55 New Montgomery Street, Suite #518', 'address2': '', 'zip_code': '94105', 'city': 'San Fransisco', 'state_code': 'CA', 'country_code': 'USA', 'latitude': None, 'longitude': None}, {'description': 'Nexway Brazil', 'address1': 'Rua Maria Paula, NÂº36 2Âº Andar', 'address2': '', 'zip_code': '', 'city': 'SÃ¢o Paulo', 'state_code': None, 'country_code': 'BRA', 'latitude': None, 'longitude': None}]",Nexway HQ,1 bd des Bouvets,,92741,Nanterre cedex,,FRA,48.8980441,2.2200007
56,Nexway,ecommerce,€14M,"[{'description': 'Nexway HQ', 'address1': '1 bd des Bouvets', 'address2': '', 'zip_code': '92741', 'city': 'Nanterre cedex', 'state_code': None, 'country_code': 'FRA', 'latitude': 48.8980441, 'longitude': 2.2200007}, {'description': 'Nexway Services', 'address1': '1 bd Amiral Courbet', 'address2': 'CS 70002', 'zip_code': '30020', 'city': 'NÃ®mes cedex', 'state_code': None, 'country_code': 'FRA', 'latitude': 43.837967, 'longitude': 4.3631044}, {'description': 'Nexway UK', 'address1': 'Unit 12, Westbourne Studios', 'address2': '242 Acklam Road', 'zip_code': 'W10 5JJ', 'city': 'London', 'state_code': None, 'country_code': 'GBR', 'latitude': None, 'longitude': None}, {'description': 'Nexway Benelux', 'address1': ""ChaussÃ©e d'Alsemberg"", 'address2': '995 Bte 19', 'zip_code': '1180', 'city': 'Brussels', 'state_code': None, 'country_code': 'BEL', 'latitude': 50.7968479, 'longitude': 4.3358459}, {'description': 'Nexway Gmbh', 'address1': 'Hanauer Landstrasse 146', 'address2': '', 'zip_code': '60314', 'city': 'Frankfurt', 'state_code': None, 'country_code': 'DEU', 'latitude': None, 'longitude': None}, {'description': 'Nexway Iberica', 'address1': 'C/ Duque de FernÃ¡n NÃºÃ±ez NÂº2 2Âº Oficina 2', 'address2': '', 'zip_code': '28012', 'city': 'Madrid', 'state_code': None, 'country_code': 'ESP', 'latitude': 40.4142986, 'longitude': -3.7033074}, {'description': 'Nexway Italy', 'address1': 'cVia Pascoli, 60', 'address2': '', 'zip_code': '20133', 'city': 'Milano', 'state_code': None, 'country_code': 'ITA', 'latitude': None, 'longitude': None}, {'description': 'Nexway / Boonty SEA', 'address1': '400 Orchard road', 'address2': '#09-05', 'zip_code': '238875', 'city': 'Singapore', 'state_code': None, 'country_code': 'SGP', 'latitude': 1.307505, 'longitude': 103.8295}, {'description': 'Degica / Boonty Japan', 'address1': 'TK Kichojijo Bldg 6F', 'address2': '2-5-10 Kichijoji Honcho, Musashino-shi', 'zip_code': '180-0004', 'city': 'Tokyo', 'state_code': None, 'country_code': 'JPN', 'latitude': None, 'longitude': None}, {'description': 'Nexway GmbH', 'address1': 'Haldenstrasse 1', 'address2': '', 'zip_code': '6340', 'city': 'Baar ZG', 'state_code': None, 'country_code': 'CHE', 'latitude': None, 'longitude': None}, {'description': 'Nexway Portugal', 'address1': 'General Firmino Miguel, 3, Torre 2,1Â°A', 'address2': '', 'zip_code': '1600-100', 'city': 'Lisboa', 'state_code': None, 'country_code': 'PRT', 'latitude': None, 'longitude': None}, {'description': 'Nexway Inc.', 'address1': '55 New Montgomery Street, Suite #518', 'address2': '', 'zip_code': '94105', 'city': 'San Fransisco', 'state_code': 'CA', 'country_code': 'USA', 'latitude': None, 'longitude': None}, {'description': 'Nexway Brazil', 'address1': 'Rua Maria Paula, NÂº36 2Âº Andar', 'address2': '', 'zip_code': '', 'city': 'SÃ¢o Paulo', 'state_code': None, 'country_code': 'BRA', 'latitude': None, 'longitude': None}]",Nexway Services,1 bd Amiral Courbet,CS 70002,30020,NÃ®mes cedex,,FRA,43.837967,4.3631044
57,Neocase Software,software,$16.5M,"[{'description': 'The Americas', 'address1': '55 Hawthorne St. Suite 610', 'address2': '', 'zip_code': '94105', 'city': 'San Francisco', 'state_code': 'CA', 'country_code': 'USA', 'latitude': 37.785655, 'longitude': -122.398393}, {'description': 'France', 'address1': '55 rue Raspail', 'address2': '', 'zip_code': '92300', 'city': 'Levallois Perret Cedex', 'state_code': None, 'country_code': 'FRA', 'latitude': 48.898648, 'longitude': 2.2912796}, {'description': 'United Kingdom', 'address1': 'Mortlake Business Centre', 'address2': '20 Mortlake High Street', 'zip_code': 'SW 14 8JN', 'city': 'London', 'state_code': None, 'country_code': 'GBR', 'latitude': None, 'longitude': None}]",France,55 rue Raspail,,92300,Levallois Perret Cedex,,FRA,48.898648,2.2912796
59,VirtuOz,enterprise,$38.8M,"[{'description': '', 'address1': '6001 Shellmound Street | Suite 500', 'address2': '', 'zip_code': '94608', 'city': 'Emeryville', 'state_code': 'CA', 'country_code': 'USA', 'latitude': 37.782714, 'longitude': -122.39358}, {'description': '', 'address1': '32 rue Mogador', 'address2': '', 'zip_code': 'F-75009', 'city': 'Paris', 'state_code': None, 'country_code': 'FRA', 'latitude': 48.8790183, 'longitude': 2.3379063}]",,32 rue Mogador,,F-75009,Paris,,FRA,48.8790183,2.3379063
60,Casabi,mobile,$12.8M,"[{'description': 'Headquarters', 'address1': '910 East Hamilton Avenue', 'address2': 'Suite 300', 'zip_code': '95008', 'city': 'Campbell', 'state_code': 'CA', 'country_code': 'USA', 'latitude': 37.293687, 'longitude': -121.934573}, {'description': 'Europe', 'address1': '8, rue Boudreau', 'address2': '', 'zip_code': '75008', 'city': 'Paris', 'state_code': None, 'country_code': 'FRA', 'latitude': 48.8722501, 'longitude': 2.3283343}]",Europe,"8, rue Boudreau",,75008,Paris,,FRA,48.8722501,2.3283343
61,Stantum,hardware,$18.8M,"[{'description': 'HQ', 'address1': '107 cours Balguerie Stuttenberg', 'address2': '', 'zip_code': '33300', 'city': 'Bordeaux', 'state_code': None, 'country_code': 'FRA', 'latitude': 44.8591741, 'longitude': -0.5656712}]",HQ,107 cours Balguerie Stuttenberg,,33300,Bordeaux,,FRA,44.8591741,-0.5656712
62,IS Decisions,software,$2M,"[{'description': 'Headquarters', 'address1': 'Technopole Izarbel', 'address2': 'BP 12', 'zip_code': '64210', 'city': 'BIDART', 'state_code': None, 'country_code': 'FRA', 'latitude': 43.4477272, 'longitude': -1.5555799}]",Headquarters,Technopole Izarbel,BP 12,64210,BIDART,,FRA,43.4477272,-1.5555799
65,Stentys,medical,$72.8M,"[{'description': 'Stentys S.A.S.', 'address1': '25, rue de Choiseul', 'address2': '', 'zip_code': '75002', 'city': 'Paris', 'state_code': None, 'country_code': 'FRA', 'latitude': 48.8707984, 'longitude': 2.3359741}, {'description': 'Stentys, Inc.', 'address1': '103 Carnegie Center', 'address2': 'Princeton,', 'zip_code': 'NJ 08540', 'city': '', 'state_code': 'NJ', 'country_code': 'USA', 'latitude': 40.323339, 'longitude': -74.642505}]",Stentys S.A.S.,"25, rue de Choiseul",,75002,Paris,,FRA,48.8707984,2.3359741
66,Owlient,games_video,€3M,"[{'description': 'Main Office', 'address1': '26-28 rue de ChambÃ©ry', 'address2': '', 'zip_code': '75015', 'city': 'Paris', 'state_code': None, 'country_code': 'FRA', 'latitude': 48.8308091, 'longitude': 2.3032201}]",Main Office,26-28 rue de ChambÃ©ry,,75015,Paris,,FRA,48.8308091,2.3032201
67,ividence,advertising,$9.7M,"[{'description': 'Paris HQ', 'address1': '15, rue Marsollier', 'address2': 'Suite 4607', 'zip_code': '75002', 'city': 'Paris', 'state_code': None, 'country_code': 'FRA', 'latitude': 48.8682244, 'longitude': 2.3347594}, {'description': 'San Francisco', 'address1': '1700 Montgomery St', 'address2': '', 'zip_code': '94111', 'city': 'San Francisco', 'state_code': 'CA', 'country_code': 'USA', 'latitude': None, 'longitude': None}, {'description': 'New York', 'address1': '140 Broadway', 'address2': 'Suite 4607', 'zip_code': '10005', 'city': 'New York', 'state_code': 'NY', 'country_code': 'USA', 'latitude': None, 'longitude': None}]",Paris HQ,"15, rue Marsollier",Suite 4607,75002,Paris,,FRA,48.8682244,2.3347594
70,Bomgar,software,$11M,"[{'description': 'HQ', 'address1': '578 Highland Colony Parkway', 'address2': 'Paragon Centre, Suite 300', 'zip_code': '39157', 'city': 'Ridgeland', 'state_code': 'MS', 'country_code': 'USA', 'latitude': 32.416174, 'longitude': -90.1633006}, {'description': 'Atlanta', 'address1': '11330 Lakefield Drive', 'address2': 'Suite 220', 'zip_code': '30097', 'city': 'Duluth', 'state_code': 'GA', 'country_code': 'USA', 'latitude': 34.057519, 'longitude': -84.17173}, {'description': 'Paris', 'address1': '54-56 Avenue Hoche', 'address2': '75008 Paris', 'zip_code': '', 'city': 'Paris', 'state_code': None, 'country_code': 'FRA', 'latitude': 48.8752305, 'longitude': 2.2983373}, {'description': 'San Francisco', 'address1': '425 Market Street', 'address2': 'Suite 2210', 'zip_code': '94105', 'city': 'San Francisco', 'state_code': 'CA', 'country_code': 'USA', 'latitude': 37.791128, 'longitude': -122.398126}, {'description': 'Washington D.C.', 'address1': '11921 Freedom Drive', 'address2': 'Two Fountain Square Suite 588', 'zip_code': '20190', 'city': 'Reston', 'state_code': 'VA', 'country_code': 'USA', 'latitude': 38.9594124, 'longitude': -77.3563279}]",Paris,54-56 Avenue Hoche,75008 Paris,,Paris,,FRA,48.8752305,2.2983373
71,WEEZEVENT,ecommerce,€1.1M,"[{'description': 'French Office', 'address1': '110 rue des Poissonniers', 'address2': 'Bureau 307', 'zip_code': '75018', 'city': 'Paris', 'state_code': None, 'country_code': 'FRA', 'latitude': 48.8952712, 'longitude': 2.4476331}]",French Office,110 rue des Poissonniers,Bureau 307,75018,Paris,,FRA,48.8952712,2.4476331
72,Ipanema Technologies,software,$7M,"[{'description': 'WW HQ', 'address1': '28 rue de la redoute', 'address2': '', 'zip_code': '92260', 'city': 'Fontenay Aux Roses', 'state_code': None, 'country_code': 'FRA', 'latitude': 48.7947724, 'longitude': 2.2750813}, {'description': 'US HQ', 'address1': '200 Fifth Avenue,', 'address2': '', 'zip_code': '02451', 'city': 'Waltham', 'state_code': 'MA', 'country_code': 'USA', 'latitude': 42.3917693, 'longitude': -71.2576246}]",WW HQ,28 rue de la redoute,,92260,Fontenay Aux Roses,,FRA,48.7947724,2.2750813
76,Rhapso,software,$11M,"[{'description': 'Rhapso', 'address1': '24, rue Ã‰mile Baudot', 'address2': 'Essonne', 'zip_code': '91120', 'city': 'Palaiseau', 'state_code': None, 'country_code': 'FRA', 'latitude': 48.7191043, 'longitude': 2.2639015}]",Rhapso,"24, rue Ã‰mile Baudot",Essonne,91120,Palaiseau,,FRA,48.7191043,2.2639015
77,Ariane Systems,software,$7.58M,"[{'description': '', 'address1': '35, rue Victor Hugo', 'address2': '93695 Pantin cedex', 'zip_code': '', 'city': '', 'state_code': None, 'country_code': 'FRA', 'latitude': 46.4922287, 'longitude': 4.0001982}]",,"35, rue Victor Hugo",93695 Pantin cedex,,,,FRA,46.4922287,4.0001982
79,Uniteam Communication,web,$1.75M,"[{'description': '', 'address1': '201 rue de Vaugirard', 'address2': '75015 PARIS', 'zip_code': '', 'city': 'Paris', 'state_code': None, 'country_code': 'FRA', 'latitude': 48.8422783, 'longitude': 2.3104829}]",,201 rue de Vaugirard,75015 PARIS,,Paris,,FRA,48.8422783,2.3104829
80,Rue89,news,€1.84M,"[{'description': '', 'address1': ""24, rue de l'Est,"", 'address2': '', 'zip_code': '75020 Paris,', 'city': '', 'state_code': None, 'country_code': 'FRA', 'latitude': 48.8711089, 'longitude': 2.3935987}]",,"24, rue de l'Est,",,"75020 Paris,",,,FRA,48.8711089,2.3935987
82,Oxatis,software,$8.03M,"[{'description': 'HQ', 'address1': '18 Rue de la Butineuse', 'address2': '', 'zip_code': '13015', 'city': 'Marseille', 'state_code': None, 'country_code': 'FRA', 'latitude': 43.3295005, 'longitude': 5.3601408}]",HQ,18 Rue de la Butineuse,,13015,Marseille,,FRA,43.3295005,5.3601408
85,Noomeo,software,$1.63M,"[{'description': 'Le Galilée', 'address1': '185 rue Galilée', 'address2': '', 'zip_code': '31672', 'city': 'Labège', 'state_code': None, 'country_code': 'FRA', 'latitude': 47.5974286, 'longitude': 1.3168395}]",Le Galilée,185 rue Galilée,,31672,Labège,,FRA,47.5974286,1.3168395
86,2 Minutes,games_video,$1.66M,"[{'description': '', 'address1': '9 rue biscornet', 'address2': '', 'zip_code': '75012', 'city': 'Paris', 'state_code': None, 'country_code': 'FRA', 'latitude': 48.8502056, 'longitude': 2.3698033}]",,9 rue biscornet,,75012,Paris,,FRA,48.8502056,2.3698033
88,Kwaga,messaging,€2.15M,"[{'description': 'Paris Office', 'address1': '15 rue Jean-Baptiste Berlier', 'address2': '', 'zip_code': '75013', 'city': 'Paris', 'state_code': None, 'country_code': 'FRA', 'latitude': 48.8318497, 'longitude': 2.3389864}]",Paris Office,15 rue Jean-Baptiste Berlier,,75013,Paris,,FRA,48.8318497,2.3389864
90,AJ Tech,cleantech,$1.25M,"[{'description': '', 'address1': '44350 GUERANDE', 'address2': '', 'zip_code': '', 'city': 'GUERANDE', 'state_code': None, 'country_code': 'FRA', 'latitude': 47.3253193, 'longitude': -2.381592}]",,44350 GUERANDE,,,GUERANDE,,FRA,47.3253193,-2.381592
92,Oncodesign,biotech,$4.71M,"[{'description': '', 'address1': '20 rue Jean Mazen', 'address2': 'B.P. 27627', 'zip_code': '21076', 'city': 'Dijon Cedex', 'state_code': None, 'country_code': 'FRA', 'latitude': 47.3161718, 'longitude': 5.0754071}]",,20 rue Jean Mazen,B.P. 27627,21076,Dijon Cedex,,FRA,47.3161718,5.0754071
93,Netsize,mobile,$16.8M,"[{'description': 'Headquaters', 'address1': '6 Rue de la Verrerie', 'address2': '', 'zip_code': '92197', 'city': 'Meudon  (Paris)', 'state_code': None, 'country_code': 'FRA', 'latitude': 48.8943115, 'longitude': 2.288319}, {'description': '', 'address1': 'P.O. Box 5122', 'address2': '', 'zip_code': 'NSW 1515', 'city': 'West Chatswood', 'state_code': None, 'country_code': 'AUS', 'latitude': -33.867139, 'longitude': 151.207114}, {'description': '', 'address1': '3-5., Vármegye utca', 'address2': '', 'zip_code': '1052', 'city': 'Budapest', 'state_code': None, 'country_code': 'HUN', 'latitude': 47.4984056, 'longitude': 19.0407578}, {'description': '', 'address1': 'Business Center HIBISCUS Building A - 7th floor', 'address2': 'Via Mentore Maggini, 50', 'zip_code': '00143', 'city': 'Rome', 'state_code': None, 'country_code': 'ITA', 'latitude': 41.8954656, 'longitude': 12.4823243}, {'description': '', 'address1': 'Barbara Strozzilaan 382', 'address2': '', 'zip_code': '1083 HN', 'city': 'Amsterdam', 'state_code': None, 'country_code': 'NLD', 'latitude': 52.3738007, 'longitude': 4.8909347}, {'description': '', 'address1': 'Av. Europa 19 2ª pta.', 'address2': '', 'zip_code': '28108', 'city': 'Alcobendas', 'state_code': None, 'country_code': 'ESP', 'latitude': 40.4167413, 'longitude': -3.7032498}, {'description': '', 'address1': 'Götalandsvägen 230, Hus 22', 'address2': '', 'zip_code': '125 44', 'city': 'Älvsjö', 'state_code': None, 'country_code': 'SWE', 'latitude': 59.3327881, 'longitude': 18.0644881}, {'description': '', 'address1': '1st Floor, GPS House', 'address2': '215 Great Portland St', 'zip_code': 'W1W 5PN', 'city': 'London', 'state_code': None, 'country_code': 'GBR', 'latitude': 51.5001524, 'longitude': -0.1262362}]",Headquaters,6 Rue de la Verrerie,,92197,Meudon  (Paris),,FRA,48.8943115,2.288319
94,Ykone,web,€1.5M,"[{'description': 'Ykone Headquarters', 'address1': '', 'address2': '', 'zip_code': '', 'city': 'Paris', 'state_code': None, 'country_code': 'FRA', 'latitude': 48.8566667, 'longitude': 2.3509871}]",Ykone Headquarters,,,,Paris,,FRA,48.8566667,2.3509871
96,SynapCell,biotech,$4.43M,"[{'description': 'HQ', 'address1': '1000 av des jeux olympiques', 'address2': '', 'zip_code': '38100', 'city': 'Grenoble', 'state_code': None, 'country_code': 'FRA', 'latitude': 45.1734252, 'longitude': 5.7401962}, {'description': 'Office & Laboratories', 'address1': 'Batiment BIOPOLIS, 5 av du Grand Sablon', 'address2': '', 'zip_code': '38700', 'city': 'La Tronche', 'state_code': None, 'country_code': 'FRA', 'latitude': None, 'longitude': None}]",HQ,1000 av des jeux olympiques,,38100,Grenoble,,FRA,45.1734252,5.7401962
98,NAVX,automotive,€3.1M,"[{'description': 'Headquarter', 'address1': '129 rue Jules Guesde', 'address2': '', 'zip_code': '92300', 'city': 'Levallois-Perret', 'state_code': None, 'country_code': 'FRA', 'latitude': 48.8988968, 'longitude': 2.287772}, {'description': 'Bucharest Office', 'address1': '', 'address2': '', 'zip_code': '', 'city': 'Bucharest', 'state_code': None, 'country_code': 'ROM', 'latitude': 44.4479237, 'longitude': 26.097879}]",Headquarter,129 rue Jules Guesde,,92300,Levallois-Perret,,FRA,48.8988968,2.287772
101,Mobiles Republic,mobile,$9M,"[{'description': '', 'address1': '2, Rue Robert Caumont', 'address2': '', 'zip_code': '33049', 'city': 'Bordeaux Cedex', 'state_code': None, 'country_code': 'FRA', 'latitude': 44.8743952, 'longitude': -0.5754294}]",,"2, Rue Robert Caumont",,33049,Bordeaux Cedex,,FRA,44.8743952,-0.5754294
103,VISEO,software,$2.06M,"[{'description': '', 'address1': '103 rue la Boetie', 'address2': '', 'zip_code': '75008', 'city': 'PARIS', 'state_code': None, 'country_code': 'FRA', 'latitude': 48.8712793, 'longitude': 2.307045}]",,103 rue la Boetie,,75008,PARIS,,FRA,48.8712793,2.307045
104,Keldelice,web,€1.5M,"[{'description': '', 'address1': '79 rue du Faubourg PoissonniÃ¨re', 'address2': '', 'zip_code': '75009', 'city': 'Paris', 'state_code': None, 'country_code': 'FRA', 'latitude': 48.8762858, 'longitude': 2.3484231}]",,79 rue du Faubourg PoissonniÃ¨re,,75009,Paris,,FRA,48.8762858,2.3484231
108,Solairedirect,cleantech,$26.6M,"[{'description': 'Headquarters', 'address1': '85 boulevard Haussmann', 'address2': '', 'zip_code': '75008', 'city': 'Paris', 'state_code': None, 'country_code': 'FRA', 'latitude': 48.8745951, 'longitude': 2.3210737}]",Headquarters,85 boulevard Haussmann,,75008,Paris,,FRA,48.8745951,2.3210737
109,IPM France,,€1M,"[{'description': '', 'address1': '53, avenue des Langories', 'address2': 'BP 61 - 26903 Valence Cedex 9', 'zip_code': '', 'city': '', 'state_code': None, 'country_code': 'FRA', 'latitude': 44.9049283, 'longitude': 4.9059136}]",,"53, avenue des Langories",BP 61 - 26903 Valence Cedex 9,,,,FRA,44.9049283,4.9059136
110,Decalog,software,€1.5M,"[{'description': '', 'address1': '1244 rue Henri Dunant', 'address2': '07 500 Guilherand-Granges', 'zip_code': '', 'city': '', 'state_code': None, 'country_code': 'FRA', 'latitude': 44.940367, 'longitude': 4.8665775}]",,1244 rue Henri Dunant,07 500 Guilherand-Granges,,,,FRA,44.940367,4.8665775
111,Athic Solutions,software,$1.84M,"[{'description': '', 'address1': '5 rue Coq Chante', 'address2': '', 'zip_code': '92800', 'city': 'Puteaux', 'state_code': None, 'country_code': 'FRA', 'latitude': 48.8830111, 'longitude': 2.2382555}]",,5 rue Coq Chante,,92800,Puteaux,,FRA,48.8830111,2.2382555
119,Canevaflor,other,$1.67M,"[{'description': '', 'address1': '13, bd Edmond Michelet', 'address2': '69008 LYON', 'zip_code': '', 'city': '', 'state_code': None, 'country_code': 'FRA', 'latitude': 45.1939977, 'longitude': 1.4494329}]",,"13, bd Edmond Michelet",69008 LYON,,,,FRA,45.1939977,1.4494329
122,PubliAtis,software,€1M,"[{'description': 'World Headquarters', 'address1': '36 rue Vivienne', 'address2': '', 'zip_code': '75002', 'city': 'PARIS', 'state_code': None, 'country_code': 'FRA', 'latitude': 48.8699947, 'longitude': 2.3406954}]",World Headquarters,36 rue Vivienne,,75002,PARIS,,FRA,48.8699947,2.3406954
